"pred","motif"
23.3333333333333,"aa"
4.71428571428571,"ga"
13.6153846153846,"ca"
23.3333333333333,"ta"
13.6153846153846,"a"
23.3333333333333,"ag"
4.71428571428571,"gg"
13.6153846153846,"cg"
23.3333333333333,"tg"
13.6153846153846,"g"
13.4,"ac"
4.71428571428571,"gc"
8.45454545454546,"cc"
13.4,"tc"
8.45454545454546,"c"
13.4,"at"
4.71428571428571,"gt"
8.45454545454546,"ct"
13.4,"tt"
8.45454545454546,"t"
13.6153846153846,""
